author,category,content,country,description,publishedAt,source,title,url,urlToImage
Leonhard Landes,general,Die EU-Arzneimittelbehörde EMA hat das Arthritis-Medikament Tocilizumab für die Behandlung schwerer Covid-19-Fälle empfohlen. Das Mittel Roactemra des Schweizer Konzerns Roche könne für Patienten ein… [+21301 chars],deu,"Eine Studie hat gezeigt, dass das Arthritis-Medikament Tocilizumab das Sterberisiko bei schwer erkrankten Corona-Patienten reduziert. Die EMA spricht nun eine Empfehlung aus. Ein 47-Jähriger soll in Kassel im großen Stil Impfnachweise gefälscht haben. Mehr im…",2021-12-06T18:18:43Z,DIE WELT,Corona: EMA empfiehlt Einsatz von Arthritis-Medikament bei Covid-19 - WELT,https://www.welt.de/vermischtes/article235483806/Corona-EMA-empfiehlt-Einsatz-von-Arthritis-Medikament-bei-Covid-19.html,https://img.welt.de/img/vermischtes/mobile235503950/5871351197-ci16x9-w1200/Corona-Intensivstation.jpg
Patrick Beuth,general,"Kein Anonymisierungsdienst für Internetnutzer und -nutzerinnen ist so bekannt wie das Tor-Netzwerk. In Ländern wie China und Iran wird es als Anti-Zensur- und Anti-Überwachungswerkzeug eingesetzt, eb… [+5400 chars]",deu,"Besorgniserregend große Teile des Tor-Netzwerks werden vom selben Akteur betrieben – und das schon seit 2017. Steckt dahinter ein Staat, der den Anonymisierungsdienst austricksen will?",2021-12-06T18:12:28Z,Spiegel Online,Mysterium »KAX17«: Im Tor-Netzwerk hat sich ein unbekannter Beobachter ausgebreitet - DER SPIEGEL,https://www.spiegel.de/netzwelt/web/mysterium-kax17-im-tor-netzwerk-hat-sich-ein-unbekannter-beobachter-ausgebreitet-a-9891a67e-303d-4252-a1af-87d9c87407ec,https://cdn.prod.www.spiegel.de/images/8533f5e7-0001-0004-0000-000000731331_w1280_r1.77_fpx53.22_fpy54.99.jpg
BR24 Sport,general,"Die Suspendierung des Löwenkapitäns Sascha Mölders wurde in einer kurzen Mitteilung auf der Vereinswebseite des TSV 1860 München bekannt gegeben. ""Aus einer fortlaufenden Analyse der Entwicklung der … [+494 chars]",deu,"Paukenschlag beim Fußball-Drittligisten 1860 München: Kapitän Sascha Mölders ist am Montag suspendiert worden. Wie der Klub bekannt gab, werde der Stürmer ""bis auf Weiteres nicht im Kader stehen"".",2021-12-06T17:30:00Z,Www.br.de,Paukenschlag beim TSV 1860 München: Kapitän Mölders suspendiert - BR24,"https://www.br.de/nachrichten/sport/1860-muenchen-sascha-moelders-bis-auf-weiteres-suspendiert,SqpgHHR","https://img.br.de/293997f9-37f0-475c-bad1-04ca651cb2c0.jpeg?q=80&rect=0,148,2273,1278&w=1600&h=900"
DER SPIEGEL,general,"Trotz eines Machtkampfs mit dem Betriebsrat kann Herbert Diess offenbar Volkswagen-Chef bleiben. »Man steuert auf eine Lösung zu«, hieß es aus Aufsichtsratskreisen gegenüber dem SPIEGEL. »Es läuft te… [+2192 chars]",deu,"Im Streit zwischen Herbert Diess und dem Betriebsrat zeichnet sich eine Lösung ab. Der Volkswagen-Chef kann wohl im Amt bleiben, muss aber Zuständigkeiten abgeben.",2021-12-06T17:15:00Z,Spiegel Online,Herbert Diess kann offenbar Volkswagen-Chef bleiben - DER SPIEGEL,https://www.spiegel.de/wirtschaft/unternehmen/herbert-diess-kann-offenbar-volkswagen-chef-bleiben-a-128db619-3801-463e-b3a2-e87dd5c6a92a,https://cdn.prod.www.spiegel.de/images/69e9fde7-33f9-401e-ba20-457d3299f3cc_w1280_r1.77_fpx32.65_fpy45.jpg
Maik Seidl,general,"Nachdem in der vergangenen Woche mitgeteilt wurde, mit welchen Spielen PlayStation Plus-User im Dezember rechnen können, steht fest, was Sony im laufenden Monat in das PS Now-Angebot packt. Die Ankün… [+1756 chars]",deu,"Nachdem in der vergangenen Woche mitgeteilt wurde, mit welchen Spielen PlayStation Plus-User im Dezember rechnen können, steht fest, was Sony im laufenden Monat in das PS Now-Angebot packt.",2021-12-06T16:40:00Z,play3.de,PS Now im Dezember 2021: Diese vier Spiele erobern den Streamingdienst - play3.de,https://www.play3.de/2021/12/06/ps-now-im-dezember-2021-diese-vier-spiele-erobern-den-streamingdienst/,https://www.play3.de/wp-content/uploads/2021/10/PlayStation-Now-Beitragsbild.jpg
"VIP.de, Star News",general,"Ich denke, dass ihr ganz viel Verständnis dafür habt, dass zurzeit nicht viel kommt, beginnt Sarah Engels ihre Instagram-Story. Dennoch nimmt sie sich ein paar Minuten, um ihre Community auf den neue… [+691 chars]",deu,"Schlaflose Nächte, schmerzende Brustwarzen und verrückt spielende Hormone - Sarah Engels gibt ihrer Community kurz nach der Geburt ihrer Tochter ein Update.",2021-12-06T16:31:59Z,Www.vip.de,"Sarah Engels: Kurz nach Geburt fahren ihre Hormone Achterbahn: „Jetzt fange ich schon wieder an zu ... - VIP.de, Star News",https://www.vip.de/cms/sarah-engels-kurz-nach-geburt-fahren-ihre-hormone-achterbahn-jetzt-fange-ich-schon-wieder-an-zu-heulen-4878899.html,https://aisvip-a.akamaihd.net/masters/1779017/sarah-engels-gibt-kurz-nach-der-geburt-ihrer-tochter-ein-update.jpg
RND RedaktionsNetzwerk Deutschland,general,Berlin. Nach dem Ja von SPD und FDP nun auch die letzte Hürde auf dem Weg zur ersten Ampelkoalition auf Bundesebene genommen: Am Montag wurde das Votum der Grünen-Mitglieder zum Koalitionsvertrag bek… [+1398 chars],deu,Nach SPD und FDP haben auch die Grünen für den Koalitionsvertrag votiert. ... Prozent der Mitglieder sprechen sich für das Ampel-Bündnis aus. Es ist die schwächste Zustimmung für das Bündnis aller drei Partner.,2021-12-06T15:52:50Z,Www.rnd.de,Auch Grüne stimmen Ampelkoalition zu: 86 Prozent der Mitglieder für Bündnis mit SPD und FDP - RND,https://www.rnd.de/politik/auch-gruene-stimmen-ampelkoalition-zu-86-prozent-der-mitglieder-fuer-buendnis-mit-spd-und-fdp-FEJDZL7PYEB7SL3SE26DCZCASI.html,https://www.rnd.de/resizer/dUlUKZa5ygQ5s8-eTGdZHcPLswE=/1080x607/filters:quality(70)/cloudfront-eu-central-1.images.arcpublishing.com/madsack/LOUBYBHCSVAYLNOGDIACKZDI6Y.jpeg
DER SPIEGEL,general,"Miles, geboren 1949 in Großbritannien, hatte seine ersten Erfolge in den Siebzigerjahren. Mit seinem Album »Rebel« landete er für mehrere Wochen in den deutschen und britischen Charts. Später tourte … [+616 chars]",deu,Mit seinem Song »Music« eroberte er 1976 die deutschen Singlecharts. Nun ist der britische Musiker John Miles im Alter von 72 Jahren gestorben.,2021-12-06T15:37:50Z,Spiegel Online,»Music«: John Miles ist tot - DER SPIEGEL,https://www.spiegel.de/kultur/musik/john-miles-ist-tot-mit-music-eroberte-er-1976-die-deutschen-single-charts-a-ec8d93f9-21c9-4082-a1f9-064ccb131673,https://cdn.prod.www.spiegel.de/images/7234356f-113c-430e-a5e1-9088124bd249_w1280_r1.77_fpx33.33_fpy50.jpg
B.Z.,general,"6. Dezember 2021
 15:34Aktualisiert
 16:41
Fünf Leichen fanden Ermittler am Samstag in einem Einfamilienhaus in dem 3000-Einwohner-Ort Senzig bei Berlin. Mutter, Vater und drei Töchter im Alter vo… [+2956 chars]",deu,"Fünf Leichen fanden Ermittler am Samstag in einem Einfamilienhaus in dem 3000-Einwohner-Ort Senzig bei Berlin. Mutter, Vater und drei Töchter im Alter von vier bis zehn Jahren. Nun gibt es neue Erkenntnisse zum Tathergang.",2021-12-06T15:34:31Z,B.Z. Berlin,Drama mit fünf Toten in Senzig: Vater tötete seine Frau und die drei Töchter - B.Z. – Die Stimme Berlins,https://www.bz-berlin.de/tatort/brandenburg-drama-mit-fuenf-toten-in-senzig-vater-toetete-seine-frau-und-die-drei-toechter,https://www.bz-berlin.de/data/uploads/2021/12/266946265_1638694406.jpg
n-tv NACHRICHTEN,general,Sachsen ist von der Pandemie hart getroffen. Dennoch mobilisieren Gegner der Corona-Politik seit Wochen zu Protesten. In einer Rede zur Feststellung der epidemischen Lage wirft Ministerpräsident Kret… [+2670 chars],deu,"Sachsen ist von der Pandemie hart getroffen. Dennoch mobilisieren Gegner der Corona-Politik seit Wochen zu Protesten. In einer Rede zur Feststellung der epidemischen Lage wirft Ministerpräsident Kretschmer der AfD vor, das Verhalten der Partei habe großen Sch…",2021-12-06T15:26:31Z,N-tv.de,Zuspitzung in Sachsen: Kretschmer wirft AfD Mitschuld an Corona-Lage vor - n-tv NACHRICHTEN,https://www.n-tv.de/politik/Kretschmer-wirft-AfD-Mitschuld-an-Corona-Lage-vor-article22980246.html,https://bilder4.n-tv.de/img/Bilder_dpa_Import/crop22979915/1331328481-cImg_16_9-w1200/Michael-Kretschmer-CDU-Ministerprasident-von-Sachsen-spricht-im-Plenum-zu-den-Abgeordneten.jpg
Anneke Mayra Petersen,general,"Nachrichten aus der Region Osnabrück, dem Emsland, aus
 Deutschland und der ganzen Welt
 noz.de, das Nachrichtenportal der Neuen Osnabrücker Zeitung und ihrer Regionalausgaben, bietet Ihnen Nachric… [+221 chars]",deu,Tief Gerrit bringt eine Schneefront nach Deutschland. Pendler müssen im Berufsverkehr mit Glätte rechnen. Welche Regionen davon betroffen sind.,2021-12-06T14:14:00Z,Www.noz.de,Schneefront in Deutschland: In diesen Regionen wird es winterlich - noz.de - Neue Osnabrücker Zeitung,https://www.noz.de/deutschland-welt/vermischtes/artikel/2499647/schneefront-in-deutschland-in-diesen-regionen-wird-es-winterlich,https://www.noz.de/article/teaser/2499647/full
n-tv NACHRICHTEN,general,Der Ex-Chef von Renault und Nissan flieht vor zwei Jahren in einer Kiste versteckt aus Japan in den Libanon. Die Ermittlungen gegen ihn wegen Verstoßes gegen Börsenauflagen kommen dadurch nicht zum E… [+1798 chars],deu,Der Ex-Chef von Renault und Nissan flieht vor zwei Jahren in einer Kiste versteckt aus Japan in den Libanon. Die Ermittlungen gegen ihn wegen Verstoßes gegen Börsenauflagen kommen dadurch nicht zum Erliegen. Mit dem Justizverfahren aus der Ferne ist Ghosn abe…,2021-12-06T13:53:04Z,N-tv.de,"Zwei Jahre nach Flucht in Kiste: Ghosn kritisiert japanische ""Geisel-Justiz"" - n-tv NACHRICHTEN",https://www.n-tv.de/wirtschaft/Ghosn-kritisiert-japanische-Geisel-Justiz-article22979765.html,https://bilder1.n-tv.de/img/incoming/crop22979804/7581327782-cImg_16_9-w1200/267108901.jpg
Motorsport-Total.com,general,"(Motorsport-Total.com) - Zwischen Jos Verstappen und Toto Wolff, das hat der Vater von WM-Leader Max Verstappen jetzt in einem Zeitungsinterview verraten, herrscht nach wie vor Funkstille. Seit dem C… [+2643 chars]",deu,"Jos Verstappen, der Vater von Max, gibt selten Interviews, aber in einem aktuellen stichelt er in Richtung seiner langj&auml;hrigen ""Kaffeebekanntschaft"" Toto Wolff",2021-12-06T13:50:37Z,Motorsport-total.com,"Jos Verstappen über Toto Wolff: ""Mir gefällt seine Einstellung nicht"" - Motorsport-Total.com",https://www.motorsport-total.com/formel-1/news/jos-verstappen-ueber-toto-wolff-mir-gefaellt-seine-einstellung-nicht-21120614,https://www.motorsport-total.com/img/sm/259249_mst.jpg?rf=1638798632
Patrick Rösing,general,"Olaf Scholz hat sein Kabinett bekannt gegeben, Innenministerin soll Nancy Faeser werden. Die 53-Jährige ist zur Zeit noch Oppositionsführerin im hessischen Landtag.  
Nancy Faeser soll die erste Fra… [+2241 chars]",deu,"Olaf Scholz hat sein Kabinett bekannt gegeben, Innenministerin soll Nancy Faeser werden. Die 53-Jährige ist zu Zeit noch Oppositionsführerin im hessischen...",2021-12-06T13:43:00Z,STERN.de,Nancy Faeser: Erfahren Sie mehr über die erste Bundesinnenministerin - STERN.de,https://www.stern.de/politik/deutschland/nancy-faeser--erfahren-sie-mehr-ueber-die-erste-bundesinnenministerin--31391188.html,https://image.stern.de/31391266/t/sn/v2/w1440/r1.7778/-/nancy-faeser.jpg
,general,"Nürnberg
 - 
 Beim TV-Talk mit Moderatorin Anne Will äußerte sich Bayerns Ministerpräsident Markus Söder zur immer noch niedrigen Impfquote in Bayern - und sorgte mit manchen Behauptungen für Disku… [+1457 chars]",deu,Nürnberg - Beim TV-Talk mit Moderatorin Anne Will äußerte sich Bayerns Ministerpräsident Markus Söder zur immer noch niedrigen Impfquote in Bayern - und sorgte mit manchen Behauptungen für Diskussionen. So sieht er die Schuld an der geringen Impfbereitschaft …,2021-12-06T13:39:00Z,Nordbayern.de,Söder gibt Heilpraktikern Mitschuld an niedriger Impfquote in Bayern - Nordbayern.de,https://www.nordbayern.de/politik/soder-gibt-heilpraktikern-mitschuld-an-niedriger-impfquote-in-bayern-1.11604711,https://images.nordbayern.de/image/contentid/policy:1.11604768:1638797623/image/a-dpa-20211202_153701-1.jpg?f=16%3A9&h=320&m=FIT&w=600&%24p%24f%24h%24m%24w=8de25cc
"Steven Sowa, t-online",general,"Nicht nur in seiner ungarischen Heimat war János Kóbor eine Rockröhre mit Kultstatus. Jetzt ist er mit 78 Jahren gestorben. Berichten zufolge war er nicht gegen Corona geimpft.
Kultrocker János Kóbo… [+1691 chars]",deu,Nicht nur in seiner ungarischen Heimat war er eine Rockröhre mit Kultstatus. Jetzt ist er mit 78 Jahren gestorben. Berichten zufolge war er nicht gegen Corona geimpft.,2021-12-06T13:28:59Z,t-online.de,Omega-Sänger ist tot: János Kóbor (†78) ungeimpft an Corona erkrankt - t-online.de,https://www.t-online.de/unterhaltung/stars/id_91273616/omega-saenger-ist-tot-janos-kobor-78-ungeimpft-an-corona-erkrankt.html,https://bilder.t-online.de/b/91/27/36/78/id_91273678/tid_da/kobor-janos-der-saenger-von-omega-ist-an-den-folgen-einer-corona-erkrankung-gestorben-.jpg
finanzen.net Redaktion,general,"Die Aktie sei vor diesem Hintergrund ""anspruchlos bewertet"", schrieb Analyst Kian Abouhossein in einer am Montag vorliegenden Studie. Entsprechend stufte er die Papiere der Frankfurter Großbank von ""… [+2273 chars]",deu,Die US-Bank JPMorgan rechnet mit positiven Überraschungen auf der Kostenseite der Deutschen Bank und erwartet für 2021 wieder eine Ausschüttung an die Aktionäre.,2021-12-06T12:25:00Z,Finanzen.net,Deutsche Bank-Aktie sehr stark: JPMorgan nimmt Deutsche Bank in Favoritenportfolio der europäischen Bankenbranche auf - finanzen.net,https://www.finanzen.net/nachricht/aktien/dividende-erwartet-deutsche-bank-aktie-sehr-stark-jpmorgan-nimmt-deutsche-bank-in-favoritenportfolio-der-europaeischen-bankenbranche-auf-10814429,https://images.finanzen.net/mediacenter/unsortiert/deutsche_bank_philip_lange_643.jpg
DER SPIEGEL,general,Der ÖVP-Politiker Karl Nehammer ist der dritte österreichische Bundeskanzler binnen weniger Monate. Am Montagmittag wurde der langjährige Parteifunktionär in der Hofburg in Wien von Bundespräsident A… [+1635 chars],deu,"Karl Nehammer ist Österreichs neuer Regierungschef. Mitten im vierten Lockdown übernimmt der bisherige Innenminister das Amt von Alexander Schallenberg, der nach nicht einmal zwei Monaten als Kanzler zurückgetreten war.",2021-12-06T12:13:00Z,Spiegel Online,Österreich: Nehammer als Bundeskanzler vereidigt - DER SPIEGEL,https://www.spiegel.de/ausland/karl-nehammer-als-bundeskanzler-von-oesterreich-vereidigt-a-dbf3109a-0587-4455-b021-e61c765b6b78,https://cdn.prod.www.spiegel.de/images/9118ade3-a7ac-4b37-a033-955b516690b1_w1280_r1.77_fpx70_fpy48.96.jpg
RND RedaktionsNetzwerk Deutschland,general,"Freiberg. Mehrere hundert Bürgerinnen und Bürger im sächsischen Freiberg haben mit deutlicher Kritik auf anhaltende Proteste von Gegnern der staatlichen Corona-Maßnahmen reagiert. Mit Unverständnis, … [+1150 chars]",deu,,2021-12-06T12:03:55Z,Www.rnd.de,600 Sachsen schreiben Brief: Freiberger haben kein Verständnis für “Corona-Spaziergänge” - RND,https://www.rnd.de/politik/600-sachsen-schreiben-brief-freiberger-haben-kein-verstaendnis-fuer-corona-spaziergaenge-R6PUHOBJ6JRZAMIVRUGORCNQ64.html,https://www.rnd.de/resizer/UDy8GJ3GuzollEgjUFqhWrYfqWw=/1080x607/filters:quality(70)/cloudfront-eu-central-1.images.arcpublishing.com/madsack/J5A6UMWFVFFMVL34VSHV6XIPU4.jpeg
,general,"München
 - 
 Die Bayerische Staatsregierung hat Maßnahmen zur Eindämmung der Corona-Pandemie mit falschen Zahlen begründet. Die FDP im Landtag bezeichnet dies als großen Vertrauensbruch und fordert… [+4595 chars]",deu,München - Die Bayerische Staatsregierung hat Maßnahmen zur Eindämmung der Corona-Pandemie mit falschen Zahlen begründet. Die FDP im Landtag bezeichnet dies als großen Vertrauensbruch und fordert personelle Konsequenzen.,2021-12-06T11:43:00Z,Nordbayern.de,"Bayern-FDP: Söder-Regierung hat mit ""manipulierten Zahlen Glaubwürdigkeit verspielt"" - Nordbayern.de",https://www.nordbayern.de/politik/bayern-fdp-soder-regierung-hat-mit-manipulierten-zahlen-glaubwurdigkeit-verspielt-1.11603570,https://images.nordbayern.de/image/contentid/policy:1.11603667:1638783792/Sondersitzung_Landta_70789733.jpg?f=16%3A9&h=320&m=FIT&w=600&%24p%24f%24h%24m%24w=769ab6c
Cécile Bouanchaud,general,"Qui peuple le cinéma français ? A loccasion de ses assises annuelles, le Collectif 50/50 a dévoilé, lundi 6 décembre, les résultats dune vaste étude, mesurant la représentation de la diversité à lécr… [+2920 chars]",fra,"Le Collectif 50/50 a dévoilé lundi une étude, « Cinégalités », qui a analysé le genre, l’origine ou encore la catégorie socioprofessionnelle des personnages de 115 films français.",2021-12-06T16:53:21Z,Le Monde,Diversité à l'écran : une enquête souligne la faible part des « non blancs » et des femmes de plus de 50 ans - Le Monde,https://www.lemonde.fr/societe/article/2021/12/06/diversite-a-l-ecran-une-enquete-pointe-la-faible-part-des-non-blancs-et-des-femmes-de-plus-de-50-ans_6104936_3224.html,https://img.lemde.fr/2021/12/06/155/0/5472/2736/1440/720/60/0/785600a_722585944-000-9fa6pk.jpg
,general,"Un peu plus de deux semaines après l'arrêt et le report de la rencontre entre Lyon et Marseille, un rapport co-rédigé par la préfecture d'Auvergne-Rhône-Alpes et la Direction Départementale de la Séc… [+1689 chars]",fra,Suivez en direct toutes les informations avant la 18e journée de Ligue 1 ce week-end.,2021-12-06T16:18:57Z,BFMTV,"Ligue 1 en direct: Jason Denayer, touché à la cheville, sera absent deux mois - RMC Sport",https://rmcsport.bfmtv.com/football/ligue-1/ligue-1-en-direct-les-infos-en-direct-avant-la-18e-journee_LN-202112060283.html,https://images.bfmtv.com/6zUo5s1fngpQ35ONnKKUyYU-Mac=/0x34:1200x709/images/Jason-Denayer-1182334.jpg
Nathalie Jourdan,general,"Elon Musk aurait sans doute souri s'il avait entendu le discours de Bruno Le Maire. Dix ans après avoir snobé le « cow boy » considéré à l'époque comme un doux rêveur pour ne pas dire un huluberlu, l… [+3216 chars]",fra,"Le ministre de l’économie presse la communauté spatiale française de se mettre en ordre de bataille pour accoucher d’un mini lanceur réutilisable dans quatre ans. Face à un SpaceX triomphant, le défi est de taille d’autant qu’il faudra simultanément assurer l…",2021-12-06T16:13:00Z,La Tribune.fr,Bruno Le Maire : la France aura un « SpaceX en 2026 » - La Tribune,https://www.latribune.fr/entreprises-finance/industrie/aeronautique-defense/bruno-le-maire-la-france-aura-un-spacex-en-2026-897919.html,https://static.latribune.fr/full_width/1820853/le-maire-brocarde-lr-et-la-victoire-d-un-parti-fracture.jpg
Stéphane Kovacs,general,"La statue équestre, en restauration depuis plus d'un an, pourrait revenir sur son piédestal devant l'Hôtel de ville ou être déplacée et remplacée par une figure féminine.«Et si on statuait ?», encour… [+4078 chars]",fra,"La statue équestre, en restauration depuis plus d'un an, pourrait revenir sur son piédestal devant l'Hôtel de ville ou être déplacée et remplacée par une figure féminine.",2021-12-06T16:12:22Z,Lefigaro.fr,"À Rouen, les habitants invités à voter pour conserver ou non la statue de Napoléon - Le Figaro",https://www.lefigaro.fr/a-rouen-les-habitants-invites-a-voter-pour-conserver-ou-non-la-statue-de-napoleon-20211206,https://i.f1g.fr/media/cms/704x396_cropupscale/2021/12/06/b762070c73330f3438b49550735c6d23363961a83af4a1200230efab29880203.jpg
A.M.,general,"Publié le 6 décembre 2021 à 17h10 par A.M. Privilégiant désormais la solution interne pour remplacer Claude Puel, l'ASSE devrait annoncer la nomination de Julien Sablé sur le banc afin d'assurer une … [+1374 chars]",fra,"Privilégiant désormais la solution interne pour remplacer Claude Puel, l'ASSE devrait annoncer la nomination de Julien Sablé sur le banc afin d'assurer une mission d'intérim.",2021-12-06T16:10:00Z,Le 10 Sport,Mercato - ASSE : Les Verts ont tranché pour la succession de Puel ! - Le 10 Sport,https://le10sport.com/football/mercato/mercato-asse-les-verts-ont-tranche-pour-la-succession-de-puel-578661,https://le10static.com/img/master/0000/0019/198793.jpeg
,general,,fra,,2021-12-06T16:00:09Z,Google News,"Météo. La tempête Barra agite le nord-ouest de la France, le sud frôle des records d’enneigement - Ouest-France",https://news.google.com/__i/rss/rd/articles/CBMimgFodHRwczovL3d3dy5vdWVzdC1mcmFuY2UuZnIvbWV0ZW8vbWV0ZW8tbGEtdGVtcGV0ZS1iYXJyYS1hZ2l0ZS1sZS1ub3JkLW91ZXN0LWxlLXN1ZC1mYWNlLWEtdW4tZW5uZWlnZW1lbnQtcmVtYXJxdWFibGUtZmVlZjk0ZTQtNTY3MS0xMWVjLWEwMGItODFlYTNhMDdhYzBh0gGaAWh0dHBzOi8vYW1wLm91ZXN0LWZyYW5jZS5mci9tZXRlby9tZXRlby1sYS10ZW1wZXRlLWJhcnJhLWFnaXRlLWxlLW5vcmQtb3Vlc3QtbGUtc3VkLWZhY2UtYS11bi1lbm5laWdlbWVudC1yZW1hcnF1YWJsZS1mZWVmOTRlNC01NjcxLTExZWMtYTAwYi04MWVhM2EwN2FjMGE?oc=5,
"Valentine Pasquesoone, Alice Galopin, Thomas Baïetto",general,"Retrouvez ici l'intégralité de notre live #PRESIDENTIELLE
17h46 : Qui sera le prochain président de la République ? Une quarantaine de candidats se sont lancés dans la course. Habitués des campagnes… [+13836 chars]",fra,"Le finaliste de la primaire LR et la candidate Valérie Pécresse ont par ailleurs partagé un ""déjeuner amical"" ce lundi.",2021-12-06T15:48:31Z,Francetvinfo.fr,"DIRECT. Présidentielle 2022 : Valérie Pécresse assure qu'Eric Ciotti ""aura une place très singulière"" dans ... - Franceinfo",https://www.francetvinfo.fr/politique/eric-zemmour/direct-presidentielle-2022-eric-ciotti-viendra-accueillir-valerie-pecresse-a-l-aeroport-de-nice-en-fin-de-matinee_4871147.html,https://www.francetvinfo.fr/image/75wwe9ypb-0dd3/1500/843/25928303.jpg
Jean-Michel Bezat,general,"Saint-Gobain poursuit son développement dans la chimie de la construction durable. Le groupe a annoncé, lundi 6 décembre, lacquisition pour 32 dollars par action (28 euros) de laméricain GCP Applied … [+2547 chars]",fra,"Après le rachat de Chryso en mai, le groupe de matériaux de construction a annoncé lundi l’acquisition de l’américain GCP Applied Technologies pour 2 milliards d’euros.",2021-12-06T15:47:03Z,Le Monde,Saint-Gobain poursuit ses acquisitions dans les matériaux durables - Le Monde,https://www.lemonde.fr/economie/article/2021/12/06/saint-gobain-poursuit-ses-acquisitions-dans-les-materiaux-durables_6104927_3234.html,https://img.lemde.fr/2021/12/06/235/0/3118/1559/1440/720/60/0/be2c729_5144805-01-06.jpg
La Rédaction,general,"ZEMMOUR. Le premier meeting de campagne d'Eric Zemmour, ce dimanche, à Villepinte, a donné lieu à de violents accrochages entre ses partisans et des militants antiracistes. Eric Zemmour lui même a ét… [+27385 chars]",fra,"ZEMMOUR. Le premier meeting de campagne d'Eric Zemmour, ce dimanche, à Villepinte, a donné lieu à de violents accrochages entre ses partisans et des militants antiracistes. Eric Zemmour lui même a été blessé. Les journalistes ont aussi été pris à parti...",2021-12-06T15:27:03Z,Linternaute.com,"Eric Zemmour : candidat blessé, enquête ouverte... Les suites du meeting de Villepinte - Linternaute.com",https://www.linternaute.com/actualite/politique/2543850-eric-zemmour-candidat-un-premier-meeting-entache-dernieres-actus-et-sondages/,https://img-4.linternaute.com/bCLMllZkoGN1wj1Mu_mB8Ppiu9I=/1500x/smart/88da8d2aeb7d4caaae542ea865a699f0/ccmcms-linternaute/30056008.jpg
,general,"Le premier ministre et le ministre de la Santé devront s'exprimer sur les décisions prises lors du Conseil de défense sanitaire qui s'est tenu ce lundi.
Le Premier ministre Jean Castex et le ministr… [+776 chars]",fra,Le premier ministre et le ministre de la Santé devront s'exprimer sur les décisions prises lors du Conseil de défense sanitaire qui s'est tenu ce lundi.,2021-12-06T15:16:13Z,BFMTV,Covid-19: Jean Castex et Olivier Véran tiendront une conférence de presse à 19 heures - BFMTV,https://www.bfmtv.com/politique/covid-19-jean-castex-et-olivier-veran-tiendront-une-conference-de-presse-a-19-heures_AD-202112060315.html,https://images.bfmtv.com/IT5L140WGRsp_oAsOmK2lJdHmtk=/0x0:2048x1152/2048x0/images/Olivier-Veran-et-Jean-Castex-au-palais-de-lElysee-le-10-mars-2021-989792.jpg
,general,"L'édile a également déclaré qu'un pass vaccinal sera demandé pour les dîners en intérieur, les salles de sport et les divertissements pour les enfants âgés de 5 à 11 ans.""Ici, à New York, nous avons … [+1124 chars]",fra,"L'édile a également déclaré qu'un pass vaccinal sera demandé pour les dîners en intérieur, les salles de sport et les divertissements pour les enfants âgés de 5 à 11 ans.",2021-12-06T15:10:29Z,Francetvinfo.fr,Covid-19 : le maire de New York impose la vaccination obligatoire pour tous les travailleurs du secteur privé - Franceinfo,https://www.francetvinfo.fr/sante/maladie/coronavirus/covid-19-le-maire-de-new-york-impose-la-vaccination-obligatoire-pour-tous-les-travailleurs-du-secteur-prive_4871381.html,https://www.francetvinfo.fr/pictures/RGTLpbtmghuMk7wCHgHF_dZ4pxg/1500x843/2021/12/06/phptv6Smz.jpg
,general,"Le PDG de la fintech américaine Better.com a convié certains salariés à une réunion Zoom pour leur annoncer leur licenciement avec effet immédiat. Une méthode jugée brutale par les salariés.
""Je vie… [+1978 chars]",fra,Le PDG de la fintech américaine Better.com a convié certains salariés à une réunion Zoom pour leur annoncer leur licenciement avec effet immédiat. Une méthode jugée brutale par les salariés.,2021-12-06T15:06:57Z,BFMTV,Une entreprise américaine licencie 900 salariés par Zoom - BFMTV,https://www.bfmtv.com/economie/entreprises/une-entreprise-americaine-licencie-900-salaries-par-zoom_AN-202112060309.html,https://images.bfmtv.com/vu9GizkJnaB-0Ke1NnJn_GvqAvo=/0x53:1024x629/1024x0/images/-327391.jpg
,general,,fra,,2021-12-06T15:06:36Z,Google News,Covid-19. Vaccin : dois-je tout recommencer si je ne respecte pas les délais entre les injections ? - Ouest-France,https://news.google.com/__i/rss/rd/articles/CBMirAFodHRwczovL3d3dy5vdWVzdC1mcmFuY2UuZnIvc2FudGUvdmFjY2luL2NvdmlkLTE5LXZhY2Npbi1kb2lzLWplLXRvdXQtcmVjb21tZW5jZXItc2ktamUtbmUtcmVzcGVjdGUtcGFzLWxlcy1kZWxhaXMtZW50cmUtbGVzLWluamVjdGlvbnMtZjk5NDAyNWMtNTY3OS0xMWVjLWEwMGItODFlYTNhMDdhYzBh0gGsAWh0dHBzOi8vYW1wLm91ZXN0LWZyYW5jZS5mci9zYW50ZS92YWNjaW4vY292aWQtMTktdmFjY2luLWRvaXMtamUtdG91dC1yZWNvbW1lbmNlci1zaS1qZS1uZS1yZXNwZWN0ZS1wYXMtbGVzLWRlbGFpcy1lbnRyZS1sZXMtaW5qZWN0aW9ucy1mOTk0MDI1Yy01Njc5LTExZWMtYTAwYi04MWVhM2EwN2FjMGE?oc=5,
Béatrice Colin,general,"Faut-il s’inquiéter si on n’arrive pas à trouver un rendez-vous pour réaliser sa dose de rappel de vaccination ? Reste-t-on 
protégé au-delà des six mois, période conseillée pour la réaliser ? Cette… [+4545 chars]",fra,Une étude du CHU de Toulouse montre que les personnes infectées puis vaccinés sont protégées en moyenne 714 jours après l’injection du vaccin contre 309 jours chez les vaccinés tout court,2021-12-06T14:35:02Z,20 Minutes,Coronavirus : Les infectés-vaccinés sont protégés deux fois plus longtemps que les vaccinés tout court - 20minutes.fr,https://www.20minutes.fr/sante/3190271-20211206-coronavirus-infectes-vaccines-proteges-deux-fois-plus-longtemps-vaccines-tout-court,https://img.20mn.fr/MA5ARU-0S-Gtdw_XMgrs1Ck/648x360_lors-vaccination-dose-rappel-illustration.jpg
Alexia Sardi-Antasan,general,"Les Européens seront consultés au sujet des thèmes qui les orneraient : histoire, sciences naturelles et sociales, arts visuels et technologie.D'ici 2024, le graphisme de nos billets de 5, 10, 20, 50… [+1652 chars]",fra,"Les Européens seront consultés au sujet des thèmes qui les orneraient : histoire, sciences naturelles et sociales, arts visuels et technologie.",2021-12-06T14:19:30Z,Lefigaro.fr,Billets de banque : la banque centrale européenne veut un nouveau graphisme - Le Figaro,https://www.lefigaro.fr/flash-eco/billets-de-banque-la-banque-centrale-europeenne-veut-un-nouveau-graphisme-20211206,https://i.f1g.fr/media/cms/704x396_cropupscale/2021/12/06/7f7155f8f58314304e496c6053816a6405fe3ef9b6702cd2d04b7d36f075370b.jpg
,general,"Le film d'animation Spider-Man New Generation (ou Into the Spider-Verse) fait sans aucun doute partie des longs-métrages les plus appréciés de la franchise. Pour le plus grand bonheur des fans, sa su… [+1873 chars]",fra,"Le film d'animation Spider-Man New Generation (ou Into the Spider-Verse) fait sans aucun doute partie des longs-métrages les plus appréciés de la franchise. Pour le plus grand bonheur des fans, sa suite a été révélée il y a quelque temps. Hier, nous avons enf…",2021-12-06T13:55:53Z,jeuxvideo.com,Chronique vidéo Spider-Man : premières images de la suite du chef d'oeuvre New Generation ! - jeuxvideo.com - jeuxvideo.com,https://www.jeuxvideo.com/videos/chroniques/1503222/spider-man-premieres-images-de-la-suite-du-chef-d-oeuvre-new-generation.htm,https://image.jeuxvideo.com/images/videos/chroniques-images/j/v/jvcom-daily-spider-man-into-the-spider-verse-suite-1475920-1638798788-high.jpg
,general,"Les Hospices civils de Lyon annoncent déclencher leur plan blanc ce lundi, face à l'afflux de patients.
Les HCL déclenchent leur plan blanc. ""Face à l'afflux de patients aux urgences adultes et pédi… [+1077 chars]",fra,"Les Hospices civils de Lyon annoncent déclencher leur plan blanc ce lundi, face à l'afflux de patients.",2021-12-06T13:48:19Z,BFMTV,Covid-19: le plan blanc déclenché aux HCL - BFMTV,https://www.bfmtv.com/lyon/covid-19-le-plan-blanc-declenche-aux-hcl_AN-202112060273.html,https://images.bfmtv.com/0_JVMfAG8eQE8NzJzKhFZfBv2MM=/0x40:768x472/768x0/images/Une-infirmiere-dans-la-chambre-d-un-patient-Covid-19-a-l-unite-de-soins-intensifs-de-l-hopital-de-Lyon-Sud-a-Pierre-Benite-le-septembre-2021-1156311.jpg
P.R. et P.Th.,general,"Une mesure pour faire face aux contaminations qui touchent de plein fouet les écoliers. À la sortie dun nouveau Conseil de défense sanitaire ce lundi, selon nos informations, le gouvernement va annon… [+2430 chars]",fra,Le gouvernement veut limiter les contaminations qui se multiplient chez les enfants.,2021-12-06T13:48:00Z,Le Parisien,"Covid-19 : pas de vacances avancées, le protocole sanitaire renforcé dans les écoles - Le Parisien",https://www.leparisien.fr/societe/covid-19-pas-de-vacances-avancees-le-protocole-sanitaire-renforce-dans-les-ecoles-06-12-2021-ICADH2P5LFFYPAAB4SEYOQ26GA.php,https://www.leparisien.fr/resizer/qMHkucYuGB1GBOj5on4Yw5ydvAs=/1200x675/cloudfront-eu-central-1.images.arcpublishing.com/leparisien/JZK4DXRUX6PW4GYGF2OYOZMJG4.jpg
Stéphane Vrignaud,general,"""Max et Lewis, on arrive à lapogée du truc, jai peur pour la semaine prochaine""
00:04:48",fra,"GRAND PRIX D'ARABIE SAOUDITE - Max Verstappen (Red Bull) a été reconnu coupable d'un ""break test"" lors du 38e tour, dimanche à Djeddah.",2021-12-06T13:31:00Z,Eurosport.fr,"Grand Prix d'Arabie saoudite - Hamilton (Mercedes) et la ""tactique dingue"" de Verstappen : ""Il dépasse les bornes"" - Eurosport.fr",https://www.eurosport.fr/formule-1/grand-prix-d-arabie-saoudite/2021/grand-prix-d-arabie-saoudite-hamilton-mercedes-et-la-tactique-dingue-de-verstappen-il-depasse-les-bo_sto8660876/story.shtml,https://i.eurosport.com/2021/12/05/3267005-66857368-2560-1440.jpg
Florence Rosier,general,"Un enfant est vacciné contre le paludisme à lhôpital de Yala (Kenya), le 7 octobre 2021. BRIAN ONGORO / AFP
Lannée 2020 a été marquée par près de 70 000 morts supplémentaires liées au paludisme dans… [+2529 chars]",fra,"L’an dernier, le nombre de nouveaux cas a bondi de 14 millions et le nombre de morts de 69 000. Une régression « considérable », selon l’Organisation mondiale de la santé.",2021-12-06T13:00:10Z,Le Monde,"En 2020, la lutte contre le paludisme a fortement reculé dans le monde - Le Monde",https://www.lemonde.fr/afrique/article/2021/12/06/en-2020-la-lutte-contre-le-paludisme-a-fortement-recule-dans-le-monde_6104919_3212.html,https://img.lemde.fr/2021/10/07/0/0/5000/2500/1440/720/60/0/d2fb1e1_5781181-01-06.jpg
Patrick Beuth,technology,"Kein Anonymisierungsdienst für Internetnutzer und -nutzerinnen ist so bekannt wie das Tor-Netzwerk. In Ländern wie China und Iran wird es als Anti-Zensur- und Anti-Überwachungswerkzeug eingesetzt, eb… [+5400 chars]",deu,"Besorgniserregend große Teile des Tor-Netzwerks werden vom selben Akteur betrieben – und das schon seit 2017. Steckt dahinter ein Staat, der den Anonymisierungsdienst austricksen will?",2021-12-06T18:12:28Z,Spiegel Online,Mysterium »KAX17«: Im Tor-Netzwerk hat sich ein unbekannter Beobachter ausgebreitet - DER SPIEGEL,https://www.spiegel.de/netzwelt/web/mysterium-kax17-im-tor-netzwerk-hat-sich-ein-unbekannter-beobachter-ausgebreitet-a-9891a67e-303d-4252-a1af-87d9c87407ec,https://cdn.prod.www.spiegel.de/images/8533f5e7-0001-0004-0000-000000731331_w1280_r1.77_fpx53.22_fpy54.99.jpg
Frank Hüber,technology,"Google bringt regelmäßig sogenannte Feature Drops für die eigenen Smartphones, mit denen auch abseits genereller Android-Änderungen neue Funktionen für die eigenen Smartphones freigegeben werden. Mit… [+4302 chars]",deu,Mit einem neuen Feature Drop für die Pixel-Smartphones ab dem Pixel 3a bringt Google Neuerungen in ganz unterschiedlichen Bereichen.,2021-12-06T18:00:00Z,ComputerBase,Pixel Feature Drop: Google bringt neue Funktionen für die Pixel-Smartphones - ComputerBase,https://www.computerbase.de/2021-12/pixel-feature-drop-google-bringt-neue-funktionen-fuer-die-pixel-smartphones/,https://pics.computerbase.de/1/0/1/5/7/3-59bfd6ce486437e0/article-1280x720.8858f2c1.jpg
"t-online, Alexander Roth-Grigori",technology,"Der Nachrichtendienst Signal, bei dem Privatsphäre und Datenschutz im Vordergrund stehen, erhält ein neues Geschäftsmodell. So lässt sich mit einem kleinen monatlichen Beitrag die eigene Unterstützun… [+2703 chars]",deu,Der Nachrichtendienst Signal erhält ein neues Geschäftsmodell. So lässt sich mit einem kleinen monatlichen Beitrag die eigene Unterstützung signalisieren.,2021-12-06T16:53:00Z,t-online.de,Signal: Messenger-App führt monatliches Abo ein - t-online.de,https://www.t-online.de/digital/internet/id_100003740/signal-messenger-app-fuehrt-monatliches-abo-ein.html,https://bilder.t-online.de/b/91/27/54/56/id_91275456/tid_da/ein-nutzer-oeffnet-die-signal-app-in-dem-messenger-gab-es-eine-sicherheitsluecke-.jpg
Matthias Kremp,technology,"Für viele Menschen hat die Woche mit einer Warnung begonnen: »You've been pwned«, heißt es in E-Mails, die am Vormittag von den Betreibern des Dienstes Have I Been Pwnd an etliche Abonnentinnen und A… [+3002 chars]",deu,"Angreifer könnten mit wenig Aufwand Nutzerdaten im großen Stil bei dem mit Wordpress und Slack verbundenen Onlinedienst Gravatar abgreifen, warnte ein Experte vor gut einem Jahr. Nun ist genau das geschehen.",2021-12-06T16:34:18Z,Spiegel Online,Gravatar-Leck: Daten von 113 Millionen E-Mail-Konten im Netz veröffentlicht - DER SPIEGEL,https://www.spiegel.de/netzwelt/web/gravatar-datenleck-daten-von-113-millionen-e-mail-konten-im-netz-veroeffentlicht-a-4bf45eb6-780e-4a67-9ee1-529d6067ac29,https://cdn.prod.www.spiegel.de/images/84c81779-f989-44f5-9541-5fa777cc6702_w1280_r1.77_fpx47.07_fpy50.jpg
Max Hoppenstedt,technology,"über das Darknet werden momentan mehr als 96 Millionen Bilder und Videos verbreitet, die sexualisierte Gewalt gegen Kinder zeigen. Auf 130 einzelnen Chat- oder Missbrauchsplattformen mit insgesamt me… [+5139 chars]",deu,"Die Menge an Missbrauchsaufnahmen im Netz hat ein kaum vorstellbares Ausmaß angenommen. Für die Betroffenen ist das verheerend – auch weil Behörden in Deutschland nicht alles tun, was sie könnten.",2021-12-06T16:16:27Z,Spiegel Online,"Kindesmissbrauch im Darknet: Das Grauen, das niemand sehen will - DER SPIEGEL",https://www.spiegel.de/netzwelt/web/kindesmissbrauch-im-netz-das-grauen-das-niemand-sehen-will-a-eb2bb358-74ef-4d12-a355-e77997ae8664,https://cdn.prod.www.spiegel.de/images/bb7237c6-3b59-431e-84f7-437f1f40fad3_w1280_r1.77_fpx67.91_fpy48.98.jpg
Florian Philon,technology,"<ul><li>Google hat in den Einstellungen des Play Store eine Schaltfläche ""Aktualisieren"" hinzugefügt.</li><li>Diese Neuerung soll schrittweise ausgerollt werden.</li></ul>
Eventuell wundert Ihr Euch… [+1760 chars]",deu,Google hat Updates für den Play Store endlich erreichbarer gemacht. Dafür implementiert der Suchmaschinenriese eine neue Schaltfläche.,2021-12-06T15:58:15Z,Nextpit.de,"Na endlich, Google: Play Store endlich einfacher zu aktualisieren - NextPit Deutschland",https://www.nextpit.de/google-play-store-endlich-einfacher-aktualisieren,https://fscl01.fonpit.de/userfiles/7446224/image/install-google-play-store-2019/AndroidPIT-install-google-play-store-01.jpg
Patrick Hannemann,technology,"Nach unserer großen Steam-Aktion sind vielleicht nicht alle Zocker unter Ihnen mit einem Key davongekommen. Der Andrang war wie immer extrem groß, sodass die Keys binnen weniger Minuten vergriffen wa… [+1165 chars]",deu,"Unsere große Steam-Aktion ist vorbei und wir hoffen, dass Sie Glück hatten und ein tolles Spiel abstauben konnten. Falls nicht, dann bekommen Sie vom Nikolaus hier noch ein kleines Extra geschenkt, das vor allem für Adventure-Fans interessant ist.",2021-12-06T15:27:00Z,CHIP Online Deutschland,Keinen Steam-Key bekommen? Nikolaus hat noch einen kleinen Trostpreis dabei - CHIP Online,https://www.chip.de/news/Keinen-Steam-Key-bekommen-Trostpreis-Fall-of-the-New-Age_183947372.html,https://www.chip.de/ii/1/2/6/5/4/7/7/2/3/530b92c41d62c787.png
"t-online, Steve Haak",technology,"Ein britisches Unternehmen hat einen Roboter erschaffen, dessen Gesichtsausdrücke denen des Menschen ähneln. Das ist beeindruckend und verstörend zugleich.
Die britische Firma Engineered Arts hat ei… [+2114 chars]",deu,"Ein britisches Unternehmen hat einen Roboter erschaffen, dessen Gesichtsausdrücke denen des Menschen ähneln. Das ist beeindruckend und verstörend zugleich.",2021-12-06T15:24:00Z,t-online.de,Fast wie ein Mensch! Dieser Roboter wirkt erschreckend echt - t-online.de,https://www.t-online.de/digital/hardware/id_100003718/fast-wie-ein-mensch-dieser-roboter-wirkt-erschreckend-echt.html,https://bilder.t-online.de/b/91/27/40/44/id_91274044/tid_da/index.png
Dennis Leschnikowski,technology,"Mittlerweile sind seit der offiziellen Ankündigung von PlayStation VR 2.0 einige Monate ins Land gezogen, ohne dass wir mit konkreten Details zum Nachfolger des Virtual-Reality-Headsets bedacht wurde… [+1823 chars]",deu,"Mittlerweile sind seit der offiziellen Ankündigung von PlayStation VR 2.0 einige Monate ins Land gezogen, ohne dass wir mit konkreten Details zum Nachfolger des Virtual-Reality-Headsets bedacht wurden.",2021-12-06T14:56:00Z,play3.de,PlayStation VR 2.0: Patent liefert mögliche Details zum Eingabegerät - play3.de,https://www.play3.de/2021/12/06/playstation-vr-2-0-patent-liefert-moegliche-details-zum-eingabegeraet/,https://www.play3.de/wp-content/uploads/2017/11/PlayStation-VR-PSVR.jpg
n-tv NACHRICHTEN,technology,"Das Reisen in nicht so ferner Zukunft wird nicht nur elektrisch sein, sondern auch eine virtuelle Welt ins Auto bringen, wie man sie bis dato noch nicht kennt. Ein Schweizer Unternehmen hat jetzt ein… [+5738 chars]",deu,"Das Reisen in nicht so ferner Zukunft wird nicht nur elektrisch sein, sondern auch eine virtuelle Welt ins Auto bringen, wie man sie bis dato noch nicht kennt. Ein Schweizer Unternehmen hat jetzt ein Concept-Car namens Holograktor vorgestellt, das das Innenle…",2021-12-06T14:47:44Z,N-tv.de,Fahren jenseits der Realität: Holograktor - sperriger Name für die Zukunft - n-tv NACHRICHTEN,https://www.n-tv.de/auto/Holograktor-sperriger-Name-fuer-die-Zukunft-article22966895.html,https://bilder4.n-tv.de/img/incoming/crop22966927/9541325756-cImg_16_9-w1200/WayRay-Holograktor-Studio-1.jpg
Christoph Hoffmann,technology,"Christoph Hoffmann
O2 prescht vor und reduziert die monatliche Grundgebühr für alle O2 Flex-Tarife um 5 Euro. So bekommen Sie maximale Flexibilität ohne lange Vertragslaufzeiten zu einem Top-Preis.… [+1688 chars]",deu,Maximale Flexibilität ohne lange Laufzeiten zum Top-Preis. O2 reduziert die Grundgebühr für alle O2 Flex-Tarife um 5 Euro.,2021-12-06T14:15:00Z,PC-WELT,O2 Free Flex-Tarife: Monatlich kündbar und günstig - PC-WELT,https://www.pcwelt.de/news/O2-Free-Flex-Tarife-Monatlich-kuendbar-und-guenstig-11146133.html,https://bilder.pcwelt.de/4323048_1000x500_r.jpg
,technology,,deu,Weitere Videos findet Ihr unter: https://www.deraktionaer.tvDer Dow Jones verabschiedete sich am Freitag nur mit leichten Verlusten aus dem Handel. Der Nasda...,2021-12-06T14:09:18Z,YouTube,"Opening Bell: AstraZeneca, Robinhood, Dollar General, Bitcoin, NFTs, Indexumstellungen, BestSecret - DER AKTIONÄR TV",https://www.youtube.com/watch?v=kS8H7F1rQm0,https://i.ytimg.com/vi/kS8H7F1rQm0/maxresdefault.jpg
André Westphal,technology,"Es sind erste Bilder der Samsung Galaxy Tab S8, S8 Plus und S8 Ultra aufgetaucht. Letzteres Modell seht ihr auf dem Artikelbild – vorausgesetzt die Aufnahmen entpuppen sich denn am Ende als echt. Ver… [+1689 chars]",deu,"Es sind erste Bilder der Samsung Galaxy Tab S8, S8 Plus und S8 Ultra aufgetaucht. Letzteres Modell seht ihr auf dem Artikelbild - ...",2021-12-06T13:30:00Z,Caschys Blog,"Samsung Galaxy Tab S8, S8 Plus und S8 Ultra zeigen sich - Caschys Blog",https://stadt-bremerhaven.de/samsung-galaxy-tab-s8-s8-plus-und-s8-ultra/,https://stadt-bremerhaven.de/wp-content/uploads/2021/12/Samsung-Galaxy-Tab-S8.jpg
Manuel Bauer,technology,Mit dem Moto Edge X30 veröffentlicht Lenovo am 9. Dezember 2021 das weltweit erste Smartphone mit dem neuen Snapdragon-8-Gen-1-Chip. Jetzt sind erste Eckdaten zum potenziellen Rechenmonster verfügbar… [+2332 chars],deu,Mit dem Moto Edge X30 veröffentlicht Lenovo am 9. Dezember 2021 das weltweit erste Smartphone mit dem neuen Snapdragon-8-Gen-1-Chip. Jetzt sind erste Eckdaten zum potenziellen Rechenmonster verfügbar.,2021-12-06T12:42:00Z,COMPUTER BILD,Moto Edge X30: Neue Details zum Android-12-Flaggschiff - COMPUTER BILD,https://www.computerbild.de/artikel/cb-News-Handy-Moto-Edge-X30-Android-12-Flaggschiff-Details-Snapdragon-8-Gen-1-Release-31204893.html,https://i.computer-bild.de/imgs/1/4/0/7/3/4/2/9/1-7b4870b3204ac78d.jpg
André Westphal,technology,"Rasperry Pi OS erscheint nun parallel zur regulären, aktuellen Version des Betriebssystems parallel als Legacy-Version auf Basis des Debian-Buster-Releases. Man unterstützt somit diese ältere Version… [+2176 chars]",deu,"Rasperry Pi OS erscheint nun parallel zur regulären, aktuellen Version des Betriebssystems parallel als Legacy-Version auf Basis des ...",2021-12-06T12:00:00Z,Caschys Blog,Raspberry Pi OS nun auch als Legacy-Version - Caschys Blog,https://stadt-bremerhaven.de/raspberry-pi-os-nun-auch-als-legacy-version/,https://stadt-bremerhaven.de/wp-content/uploads/2021/12/RaspBerry-Pi-Legacy.jpg
Simone Finkel,technology,"Der Amazon Fire TV Stick 4K Max im Überblick
Der Amazon Fire TV Stick 4K Max zählt zu den besten Streaming-Playern auf dem Markt. Im Test punktet er mit ausgezeichneter Performance. Dank des 1,8 GHz… [+1327 chars]",deu,Mit dem Fire TV Stick 4K Max hat Amazon seinen neusten Streaming-Player auf den Markt gebracht. Er schafft es im Bestenlisten-Ranking auf den 3. Platz und lässt somit unter anderem Apple TV & Google Chromecast hinter sich. Was der Stick zu bieten hat und wo S…,2021-12-06T11:56:00Z,CHIP Online Deutschland,Besser als Google & Apple: So gut ist der neue Amazon Fire TV Stick 4K Max - CHIP Online,https://www.chip.de/news/Besser-als-Google-und-Apple-So-gut-ist-der-neue-Amazon-Fire-TV-Stick-4K-Max_183984580.html,https://www.chip.de/ii/1/2/6/5/5/7/2/4/9/04a407aa3f853208.png
Mark Mantel,technology,"Wer privat eine bezahlbare Gaming-Grafikkarte oder eine Spielekonsole wie Microsofts Xbox Series X beziehungsweise Sonys Playstation 5 sucht, braucht starke Nerven, viel Durchhaltevermögen und eine A… [+4834 chars]",deu,"Sogenannte Scalper, die Hardware kaufen, um sie teurer zu verkaufen, könnten die Preise von Grafikkarten und Konsolen höher treiben als der globale Chipmangel.",2021-12-06T11:38:00Z,heise online,"Grafikkarten und Spielekonsolen kaufen: ""Es ist ein Bot-Krieg"" - heise online",https://www.heise.de/news/Grafikkarten-und-Spielekonsolen-kaufen-Es-ist-ein-Bot-Krieg-6287137.html,https://heise.cloudimg.io/bound/1200x1200/q85.png-lossy-85.webp-lossy-85.foil1/_www-heise-de_/imgs/18/3/2/2/7/6/6/8/Grafikkarten_gemischt_ct-c6c001d2718424d1.jpg
Hans-Christian Dirscherl,technology,"Hans-Christian Dirscherl
Eine fiese Betrugsmasche hängt Opfern ein Joyn-Abo an, ohne dass diese davon wissen. Klara fordert dann die Bezahlung - und schickt ein Inkasso-Büro los. Es kann jeden treff… [+12533 chars]",deu,"Eine fiese Betrugsmasche hängt Opfern ein Joyn-Abo an, ohne dass diese davon wissen. Es kann jeden treffen auch! Auch Sie! Update!",2021-12-06T11:33:00Z,PC-WELT,Joyn & Klarna: Fieser Online-Betrug kann jeden treffen! (Update: Lesermails) - PC-WELT,https://www.pcwelt.de/news/Joyn-Klarna-Fieser-Online-Betrug-kann-jeden-treffen-Update-Lesermails-11147843.html,https://bilder.pcwelt.de/4323339_1000x500_r.jpg
Jan Klauth,technology,". lupaepeOl vnlpeu lnup 09 Zlttluueu Bnlu tel Uleeueeu nup pep Pnplutteu lu peu 6epnupkellpoOlelu aeeektl. Gelue htelue PnOOe epel veula lO Uelatelek en peu Gupleu, ple pepnlek eulplekeu, pepp Unee p… [+6895 chars]",deu,"Die Programmierer der Luca-App versprachen Kontrolle über das Infektionsgeschehen und das Ende der Zettelwirtschaft in den Gesundheitsämtern. Doch was hat das Programm nun gebracht? Angesichts harscher Kritik zögern die Länder, die teure Software-Lizenz zu ve…",2021-12-06T11:17:56Z,DIE WELT,Corona: Luca-App nach nur einem Jahr vor dem Aus? - DIE WELT,https://www.welt.de/wirtschaft/plus235477400/Corona-Luca-App-nach-nur-einem-Jahr-vor-dem-Aus.html,https://img.welt.de/img/wirtschaft/mobile235478546/5341351067-ci16x9-w1200-fnov-fpotl-fpi157750653/Coronavirus-Berlin.jpg
,technology,,deu,"Weitere Videos findet Ihr unter: https://www.deraktionaer.tv  Florian Söllner, leitender Redakteur bei DER AKTIONÄR, blickt jede Woche auf die spannendsten E...",2021-12-06T10:32:18Z,YouTube,"Söllners HSR: ""Jetzt raus?"" Bitcoin, Valneva, Solar, Alibaba, Tesla, Nvidia, Verbio, Novavax, Razer - DER AKTIONÄR TV",https://www.youtube.com/watch?v=jPZQxiCMsd4,https://i.ytimg.com/vi/jPZQxiCMsd4/maxresdefault.jpg
Mon Livret,technology,La banque des règlements internationaux (BRI)  a averti que le secteur des cryptomonnaies – ainsi que le secteur financier non bancaire au sens large – menace la stabilité financière et affirme qu’un… [+2430 chars],fra,La banque des règlements internationaux (BRI)  a averti que le secteur des cryptomonnaies - ainsi que le secte,2021-12-06T17:30:03Z,Mon-livret.fr,"Les vulnérabilités de la DeFi ""dépassent celles de la finance traditionnelle"" - Mon Livret",https://www.mon-livret.fr/les-vulnerabilites-de-la-defi-depassent-celles-de-la-finance-traditionnelle.html,https://www.mon-livret.fr/wp-content/uploads/2020/10/Finanzas-del-futuro-con-las-DeFi-Esta-conferencia-es-para-ti.jpgfit1200675ssl1.jpeg
,technology,Le New York Times a publié un long article sur Tesla et le quotidien rapporte une situation inquiétante pour les initiatives en matière de conduite autonome du constructeur. Les deux journalistes ont… [+6022 chars],fra,Le New York Times a publié un long article sur Tesla et le quotidien rapporte une situation inquiétante pour les initiatives en matière de conduite autonome du constructeur. Les deux journalistes ont interrogé 19 employés qui ont travaillé sur l’Autopilot et …,2021-12-06T17:18:31Z,MacGeneration,Elon Musk aurait poussé envers et contre tous le pari de la vision chez Tesla - MacGeneration,https://www.macg.co/mobilites/2021/12/elon-musk-aurait-pousse-envers-et-contre-tous-le-pari-de-la-vision-chez-tesla-125821,https://cdn.mgig.fr/2021/12/mga-75a0c470-w375-w1500-w750_accroche.jpg
Keren Lentschner,technology,"Lanticancéreux de BeiGene est lun des premiers médicaments venus de lempire du Milieu approuvés en Europe.Brukinsa, lun des premiers médicaments chinois approuvés sur le Vieux Continent, symbolise la… [+1107 chars]",fra,L’anticancéreux de BeiGene est l’un des premiers médicaments venus de l’empire du Milieu approuvés en Europe.,2021-12-06T17:17:53Z,Lefigaro.fr,"BeiGene, la biotech chinoise qui fait trembler le monde - Le Figaro",https://www.lefigaro.fr/societes/beigene-la-biotech-chinoise-qui-fait-trembler-le-monde-20211206,https://i.f1g.fr/media/eidos/630x354_crop/2021/12/06/XVM8bd27b56-56ae-11ec-93eb-53a575863a17.jpg
Geoffroy Husson,technology,"Ikea a annoncé le lancement d'un nouveau chargeur sans fil qui fonctionne également comme un powerbank, la Nordmärke.
La powerbank Ikea Nordmärke // Source : MobiFlip
Ikea et les chargeurs sans fil… [+2303 chars]",fra,"Ikea a annoncé le lancement d'un nouveau chargeur sans fil qui fonctionne également comme un powerbank, la Nordmärke.",2021-12-06T17:11:44Z,Frandroid,Ikea : sa nouvelle base de charge sans fil fonctionne vraiment sans fil - Frandroid,https://www.frandroid.com/marques/ikea/1148485_ikea-sa-nouvelle-base-de-charge-sans-fil-fonctionne-vraiment-sans-fil,https://images.frandroid.com/wp-content/uploads/2021/12/ikea-nordmarke.jpg
,technology,"Depuis plus de 20 ans, les God Games se succèdent et ne se ressemblent pas. Populous, Black &amp; White 1 &amp; 2, Reus, The Universim, FromDust, des titres qui ont marqué le genre et inspiré une rib… [+2185 chars]",fra,Cette pépite indé va faire de vous un véritable Dieu en quête de destruction.,2021-12-06T17:02:47Z,Hitek.fr,Steam : cette pépite indé complètement barrée que vous avez surement manqué - Hitek.fr,https://hitek.fr/actualite/steam-pepite-inde-barree-surement-manque_32014,https://hitek.fr/img/up_o/766518159/hitek_5c1b975693a0ed4fcc577b4e208ef9a9_1638809881.jpeg
Paul Marion,technology,"L'entreprise Better.com s'est contentée d'une réunion Zoom suivie d'un mail pour licencier près de 10% de ses effectifs.«Si vous êtes conviés à cette réunion, c'est que vous faites partie des salarié… [+1102 chars]",fra,L'entreprise Better.com s'est contentée d'une réunion Zoom suivie d'un mail pour licencier près de 10% de ses effectifs.,2021-12-06T16:58:38Z,Lefigaro.fr,900 salariés d'une fintech américaine licenciés… sur Zoom - Le Figaro,https://www.lefigaro.fr/societes/900-salaries-d-une-fintech-americaine-licencies-sur-zoom-20211206,https://i.f1g.fr/media/cms/704x396_cropupscale/2021/12/06/f7855646eb92582166ed9b14ec9e20730833254dd5d77ecb7bf464d83dd9783a.jpg
Leïla Marchand,technology,"Le fabricant de véhicules électriques Lucid a révélé ce lundi faire l'objet d'une enquête de la SEC, le gendarme boursier américain. Dans la foulée, le titre du groupe chutait d'environ 14 % à 40,57 … [+432 chars]",fra,"La SEC a demandé au fabricant de véhicules électriques des documents concernant sa fusion avec Churchill, une SPAC. Le titre de la start-up, qui commercialise ses premiers véhicules depuis seulement quelques semaines, a plongé d'environ 14 %.",2021-12-06T16:37:28Z,Les Echos,"Visée par une enquête, la start-up Lucid dérape à Wall Street - Les Échos",https://www.lesechos.fr/industrie-services/automobile/visee-par-une-enquete-la-start-up-lucid-derape-a-wall-street-1370120,https://media.lesechos.com/api/v1/images/view/61ae3cb18fe56f61602bc1c7/1280x720/070485201128-web-tete.jpg
Mon Livret,technology,"Au cours des sept derniers jours, les terrains numériques ont été très demandés. The Sandbox a joué le rôle principal – sa collection de terrains a été le NFT le plus échangé au cours de la semaine d… [+2602 chars]",fra,"Au cours des sept derniers jours, les terrains numériques ont été très demandés. The Sandbox a joué le rôle pr",2021-12-06T16:32:12Z,Mon-livret.fr,Métavers : The Sandbox dépasse les Bored Apes et les CryptoPunks ! - Mon Livret,https://www.mon-livret.fr/metavers-the-sandbox-depasse-les-bored-apes-et-les-cryptopunks.html,https://www.mon-livret.fr/wp-content/uploads/2021/11/The-Sandbox.png
Le Monde,technology,"Dans un rapport publié lundi 6 décembre, lAgence nationale de la sécurité des systèmes dinformation (Anssi) explique avoir observé une série dattaques par hameçonnage (phishing) ayant compromis avec … [+3339 chars]",fra,"L’Anssi y voit la main du groupe Nobelium, déjà responsable l’an dernier du piratage de l’américain SolarWinds, et dont les liens avec la Russie sont connus. Même indirectement, il est rare que la France lie une cyberattaque à un pays.",2021-12-06T16:27:59Z,Le Monde,Des entités françaises visées par une cyberattaque depuis le mois de février - Le Monde,https://www.lemonde.fr/pixels/article/2021/12/06/des-entites-francaises-visees-par-une-cyberattaque-depuis-le-mois-de-fevrier_6104929_4408996.html,https://img.lemde.fr/2021/12/06/476/0/4100/2050/1440/720/60/0/0b6bc3a_607391567-000-1kd9wk.jpg
Damien Licata Caruso,technology,"Profitez des avantages de loffre numérique
<ul><li>Lintégralité des articles et vidéos</li><li>Linfo locale qui vous concerne</li><li>Votre journal numérique dès 6h00</li><li>Une navigation sans pub… [+81 chars]",fra,"Info Le Parisien. Le serveur du comité d’entreprise hébergeait sans protection les informations personnelles de 57 000 employés de la régie de transport. Signalée par une équipe de chercheurs, la brèche a été comblée fin octobre.",2021-12-06T16:00:00Z,Le Parisien,RATP : des milliers de données personnelles d’employés exposées à cause d’une faille de sécurité - Le Parisien,https://www.leparisien.fr/high-tech/ratp-des-milliers-de-donnees-personnelles-demployes-exposees-a-cause-dune-faille-de-securite-07-12-2021-DGKVAKD3OVB6VEMCUBNRK2VYD4.php,https://www.leparisien.fr/resizer/Tn_4U1l31wBoXJ3WFztha94rGJ4=/1200x675/cloudfront-eu-central-1.images.arcpublishing.com/leparisien/RVGQLKIZB5L2QC3EDNXGSO2GFE.jpg
Johanne Bouchet,technology,"Les courtiers en assurances Génération et Verlingue, appartenant au groupe Adelaïde, victimes dune cyberattaque depuis le samedi 27 novembre, sont toujours paralysés. Présentée comme une tentative di… [+2340 chars]",fra,"Voilà dix jours que les sites Génération et Verlingue sont paralysés : l’entreprise Adelaïde, qui chapeaute les deux courtiers en assurances, a reconnu, ce lundi, qu’il y a bien eu compromission de données de clients au Royaume-Uni.",2021-12-06T15:26:00Z,Le Télégramme,Cyberattaque de Génération et Verlingue : la sécurité des données compromise - Le Télégramme,https://www.letelegramme.fr/bretagne/cyberattaque-de-generation-et-verlingue-la-securite-des-donnees-compromise-06-12-2021-12882815.php,https://www.letelegramme.fr/images/2021/12/06/les-courtiers-en-assurances-generation-et-verlingue-ont_6045983_1000x526.jpg?v=1
,technology,"(illustration) ( GETTY IMAGES NORTH AMERICA / MARIO TAMA )
Le bitcoin, dont le cours s'est effondré de plus de 20% en cours de journée samedi pour sombrer à un plus bas depuis fin septembre à 42.296… [+1695 chars]",fra,Le bitcoin avait perdu 10.000 dollars en moins d'une heure dans la nuit de vendredi 3 à samedi 4 décembre,2021-12-06T15:14:58Z,Boursorama,Cryptomonnaies : le bitcoin peine à se remettre de son crash - Boursorama,https://www.boursorama.com/actualite-economique/actualites/cryptomonnaies-le-bitcoin-peine-a-se-remettre-de-son-crash-71b8a0bdaf4ba9da20c12f38c7cfad86,https://s.brsimg.com/static-000/cache/i/content/images/2/a/d/2ad0a56de567a5520c1177031e4a74e5-1600x1030.jpg
Aurélien LAGNY,technology,"Eh oui, avec le boitier IN WIN 309 GAMING EDITION, même pas besoin d'une CG, d'ailleurs même pas besoin d'un PC, une alimentation et le boitier suffisent pour du Gaming illimité. On a le droit à une … [+325 chars]",fra,"Eh oui, avec le boitier IN WIN 309 GAMING EDITION, même pas besoin d'une CG, d'ailleurs même pas besoin d'un PC, une alimentat..., actualité 79057",2021-12-06T14:57:26Z,Cowcotland.com,"Les gars, laissez tomber les GeForce RTX 3090, car il vous faut la RTX 309 par IN WIN pour du GAMING illim... - Cowcotland",https://www.cowcotland.com/news/79057/les-gars-laissez-tomber-les-geforce-rtx-3090-car-il-vous-faut-la-rtx-309-par-in-win-pour-du-gaming-illimite-sans-cg.html,/images/news/2021/12/boitier-inwin-gaming-edition-f.jpg
Matt_Clank,technology,"Rue du Commerce propose en ce moment une belle réduction sur un pack contenant une carte-mère et un processeur qui vous permettront, pour un moindre coût, de profiter des dernières applications du mo… [+2878 chars]",fra,"Rue du Commerce propose en ce moment une belle réduction sur un pack contenant une carte-mère et un processeur qui vous permettront, pour un moindre coût, de profiter des dernières applications du moment ainsi que des composants les plus puissants du marché !…",2021-12-06T14:30:02Z,jeuxvideo.com,Mettre à jour le processeur de son vieux PC n'a jamais été aussi peu cher ! - jeuxvideo.com,https://www.jeuxvideo.com/news/1503367/mettre-a-jour-le-processeur-de-son-vieux-pc-n-a-jamais-ete-aussi-peu-cher.htm,https://image.jeuxvideo.com/medias-md/163880/1638798379-6260-card.png
,technology,"Free Ligue 1 évolue sur les smartphones et tablettes Android. Une nouvelle version apporte en effet des améliorations autour de l’expérience vidéo.
S’il est accessible depuis le téléviseur, le servi… [+1736 chars]",fra,"Free Ligue 1 évolue sur les smartphones et tablettes Android. Une nouvelle version apporte en effet des améliorations autour de l’expérience vidéo. S’il est accessible depuis le téléviseur, le service Free Ligue 1 est aussi proposé au travers d’applications m…",2021-12-06T13:48:17Z,Univers Freebox,Free Ligue 1 se dote d’une nouvelle fonction pour corriger les problèmes vidéo - Univers Freebox,https://www.universfreebox.com/article/509978/free-ligue-1-se-dote-dune-nouvelle-fonction-pour-corriger-les-problemes-video,https://www.universfreebox.com/wp-content/uploads/2021/08/Capture-d’écran-2021-08-11-à-15.38.02.png
Patrick Randall,technology,"ENTRETIEN // Jérôme Lecat, cofondateur du spécialiste du cloud privé Scality, nous livre son regard sur la clivante stratégie nationale pour le cloud annoncée en mai 2021 par le gouvernement. Pour lu… [+9617 chars]",fra,"ENTRETIEN // Jérôme Lecat, cofondateur du spécialiste du cloud privé Scality, nous livre son regard sur la clivante stratégie nationale pour le cloud annoncée en mai 2021 par le gouvernement. Pour lui, la direction prise manque d'ambition.",2021-12-06T13:00:00Z,Les Numériques,"Cloud souverain : ""Le rôle des Français sera juste de pousser des boutons"" - Les Numériques",https://www.lesnumeriques.com/pro/cloud-souverain-le-role-des-francais-sera-juste-de-pousser-des-boutons-a172187.html,https://dyw7ncnq1en5l.cloudfront.net/optim/article/17/172187/bed9459e-cloud-souverain-le-role-des-francais-sera-juste-de-pousser-des-boutons__1200_630__0-9-1200-639.jpeg
Sylvain Rolland,technology,Les curieux qui épluchent les résultats financiers d'Amazon se sont souvent posés la question : pourquoi diable le numéro un mondial du e-commerce ne détaille-t-il pas ce qu'il perd avec son programm… [+11524 chars],fra,"Dans un rapport explosif, une ONG américaine révèle l'ampleur de la stratégie monopolistique d'Amazon dans le e-commerce. D'après elle, l'entreprise perd délibérément des milliards de dollars par an avec son service Prime - 15 milliards estimés en 2020 - pour…",2021-12-06T13:00:00Z,La Tribune.fr,Comment Amazon torpille le e-commerce mondial - La Tribune,https://www.latribune.fr/technos-medias/internet/comment-amazon-torpille-le-e-commerce-mondial-897794.html,https://static.latribune.fr/full_width/1720021/amazon.jpg
https://www.facebook.com/orangeactufr,technology,"AFP, publié le lundi 06 décembre 2021 à 13h52
Vivendi, premier actionnaire de Telecom Italia (Tim), est prêt à discuter d'une prise de contrôle par le gouvernement italien du réseau de l'opérateur h… [+2626 chars]",fra,"Vivendi, premier actionnaire de Telecom Italia (Tim), est prêt à discuter d'une prise de contrôle par le gouvernement italien du réseau de l'opérateur historique, convoité par le fonds américain KKR, a confirmé lundi le groupe français à l'AFP.",2021-12-06T12:52:21Z,Orange.fr,Telecom Italia: Vivendi prêt à examiner une prise de contrôle étatique du réseau fixe - Actu Orange,https://actu.orange.fr/economie/telecom-italia-vivendi-pret-a-examiner-une-prise-de-controle-etatique-du-reseau-fixe-CNT000001HexVP.html,http://media1.woopic.com/api/v1/images/661%2Fafp-news%2F531%2F1cb%2F99383908ecb7dc3b3e7609b4c8%2Ftelecom-italia-vivendi-pret-a-examiner-une-prise-de-controle-etatique-du-reseau-fixe%7C000_9TN86B-highDef.jpg?format=470x264&facedetect=1&quality=85
,technology,"L’ANFR vient de publier les chiffres de déploiement des réseaux mobiles 4G/3G au 1er décembre 2021. 
A cette date, 55 576 sites 4G ont été autorisés en métropole au 1er décembre, dont 50 960 sont en… [+1870 chars]",fra,"L’ANFR vient de publier les chiffres de déploiement des réseaux mobiles 4G/3G au 1er décembre 2021. A cette date, 55 576 sites 4G ont été autorisés en métropole au 1er décembre, dont 50 960 sont en service. Les autorisations et les mises en service de sites 4…",2021-12-06T12:38:19Z,Univers Freebox,"Free est l’opérateur qui a le plus déployé la 4G en novembre, mais dans un environnement peu actif - Univers Freebox",https://www.universfreebox.com/article/62226/free-est-loperateur-qui-a-le-plus-deploye-la-4g-en-novembre-mais-dans-un-environnement-peu-actif,https://www.universfreebox.com/wp-content/uploads/2021/12/4G3-800x450-c-default.jpg
,technology,"Plus accès à vos achats, vos abonnements, vos films, vos musiques Un cauchemar ? C'est la mésaventure qui est arrivée au blogueur MereCivilian. En essayant d'ajouter des fonds sur son compte Apple, i… [+2415 chars]",fra,"Plus accès à vos achats, vos abonnements, vos films, vos musiques… Un cauchemar ? C'est la mésaventure qui est arrivée au blogueur MereCivilian. En essayant d'ajouter des fonds sur son compte Apple, il a été accueilli par l'inquiétant message suivant : « Votr…",2021-12-06T12:26:47Z,MacGeneration,Et si votre compte Apple était désactivé du jour au lendemain sans explications ? - MacGeneration,https://www.macg.co/services/2021/12/et-si-votre-compte-apple-disparaissait-du-jour-au-lendemain-125813,https://cdn.mgig.fr/2021/12/mga-a0cca000-w375-w1500-w750_accroche.jpg
